도로명,방향,09시
테크노파크로,상행,106
테크노파크로,상행,144
테크노파크로,상행,93
테크노파크로,상행,654
테크노파크로,상행,663
테크노파크로,상행,669
테크노파크로,상행,509
테크노파크로,상행,616
테크노파크로,상행,185
테크노파크로,상행,88
테크노파크로,상행,673
테크노파크로,상행,614
테크노파크로,상행,605
테크노파크로,상행,662
테크노파크로,상행,659
테크노파크로,상행,227
테크노파크로,상행,105
테크노파크로,상행,587
테크노파크로,상행,721
테크노파크로,상행,688
테크노파크로,상행,755
테크노파크로,상행,702
테크노파크로,상행,252
테크노파크로,상행,96
테크노파크로,상행,694
테크노파크로,상행,698
테크노파크로,상행,769
테크노파크로,상행,740
테크노파크로,상행,710
테크노파크로,상행,246
테크노파크로,상행,143
아트센터대로,상행,383
아트센터대로,상행,524
아트센터대로,상행,313
아트센터대로,상행,1302
아트센터대로,상행,1332
아트센터대로,상행,1387
아트센터대로,상행,909
아트센터대로,상행,1169
아트센터대로,상행,701
아트센터대로,상행,322
아트센터대로,상행,1285
아트센터대로,상행,1191
아트센터대로,상행,1258
아트센터대로,상행,1285
아트센터대로,상행,1310
아트센터대로,상행,830
아트센터대로,상행,317
아트센터대로,상행,1111
아트센터대로,상행,1247
아트센터대로,상행,1300
아트센터대로,상행,1264
아트센터대로,상행,1224
아트센터대로,상행,812
아트센터대로,상행,374
아트센터대로,상행,1356
아트센터대로,상행,980
아트센터대로,상행,1440
아트센터대로,상행,1335
아트센터대로,상행,1009
아트센터대로,상행,799
아트센터대로,상행,449
아트센터대로,하행,270
아트센터대로,하행,386
아트센터대로,하행,274
아트센터대로,하행,1570
아트센터대로,하행,1621
아트센터대로,하행,1674
아트센터대로,하행,1119
아트센터대로,하행,1433
아트센터대로,하행,539
아트센터대로,하행,226
아트센터대로,하행,1615
아트센터대로,하행,1467
아트센터대로,하행,1466
아트센터대로,하행,1548
아트센터대로,하행,1537
아트센터대로,하행,537
아트센터대로,하행,265
아트센터대로,하행,1400
아트센터대로,하행,1569
아트센터대로,하행,1621
아트센터대로,하행,1388
아트센터대로,하행,1460
아트센터대로,하행,635
아트센터대로,하행,203
아트센터대로,하행,1637
아트센터대로,하행,1577
아트센터대로,하행,1699
아트센터대로,하행,1506
아트센터대로,하행,1585
아트센터대로,하행,603
아트센터대로,하행,352
컨벤시아대로,하행,210
컨벤시아대로,하행,302
컨벤시아대로,하행,198
컨벤시아대로,하행,1127
컨벤시아대로,하행,1118
컨벤시아대로,하행,1195
컨벤시아대로,하행,821
컨벤시아대로,하행,1073
컨벤시아대로,하행,342
컨벤시아대로,하행,211
컨벤시아대로,하행,1079
컨벤시아대로,하행,938
컨벤시아대로,하행,1033
컨벤시아대로,하행,1072
컨벤시아대로,하행,1024
컨벤시아대로,하행,354
컨벤시아대로,하행,244
컨벤시아대로,하행,925
컨벤시아대로,하행,1194
컨벤시아대로,하행,1152
컨벤시아대로,하행,1083
컨벤시아대로,하행,1037
컨벤시아대로,하행,352
컨벤시아대로,하행,196
컨벤시아대로,하행,1104
컨벤시아대로,하행,1025
컨벤시아대로,하행,1085
컨벤시아대로,하행,1043
컨벤시아대로,하행,1265
컨벤시아대로,하행,317
컨벤시아대로,하행,246
송도국제대로,상행,591
송도국제대로,상행,807
송도국제대로,상행,512
송도국제대로,상행,2265
송도국제대로,상행,2301
송도국제대로,상행,2369
송도국제대로,상행,1490
송도국제대로,상행,2109
송도국제대로,상행,1049
송도국제대로,상행,580
송도국제대로,상행,2137
송도국제대로,상행,2107
송도국제대로,상행,2014
송도국제대로,상행,2272
송도국제대로,상행,2217
송도국제대로,상행,1112
송도국제대로,상행,527
송도국제대로,상행,1841
송도국제대로,상행,2261
송도국제대로,상행,2296
송도국제대로,상행,2270
송도국제대로,상행,2218
송도국제대로,상행,1234
송도국제대로,상행,600
송도국제대로,상행,2169
송도국제대로,상행,2247
송도국제대로,상행,2318
송도국제대로,상행,2285
송도국제대로,상행,2325
송도국제대로,상행,1181
송도국제대로,상행,702
송도국제대로,하행,421
송도국제대로,하행,593
송도국제대로,하행,458
송도국제대로,하행,2729
송도국제대로,하행,2683
송도국제대로,하행,2683
송도국제대로,하행,1685
송도국제대로,하행,2389
송도국제대로,하행,799
송도국제대로,하행,475
송도국제대로,하행,2606
송도국제대로,하행,2492
송도국제대로,하행,2413
송도국제대로,하행,2610
송도국제대로,하행,2583
송도국제대로,하행,809
송도국제대로,하행,423
송도국제대로,하행,2227
송도국제대로,하행,2571
송도국제대로,하행,2642
송도국제대로,하행,2634
송도국제대로,하행,2585
송도국제대로,하행,868
송도국제대로,하행,414
송도국제대로,하행,2656
송도국제대로,하행,2550
송도국제대로,하행,2631
송도국제대로,하행,2548
송도국제대로,하행,2604
송도국제대로,하행,809
송도국제대로,하행,536
컨벤시아대로,상행,466
컨벤시아대로,상행,699
컨벤시아대로,상행,349
컨벤시아대로,상행,1573
컨벤시아대로,상행,1617
컨벤시아대로,상행,1675
컨벤시아대로,상행,1309
컨벤시아대로,상행,690
컨벤시아대로,상행,1098
컨벤시아대로,상행,254
컨벤시아대로,상행,230
컨벤시아대로,상행,247
컨벤시아대로,상행,786
컨벤시아대로,상행,545
컨벤시아대로,상행,396
컨벤시아대로,상행,327
컨벤시아대로,상행,246
컨벤시아대로,상행,242
컨벤시아대로,상행,98
컨벤시아대로,상행,297
컨벤시아대로,상행,270
컨벤시아대로,상행,279
컨벤시아대로,상행,212
컨벤시아대로,상행,98
컨벤시아대로,상행,294
컨벤시아대로,상행,267
컨벤시아대로,상행,270
컨벤시아대로,상행,296
컨벤시아대로,상행,313
컨벤시아대로,상행,217
컨벤시아대로,상행,139
테크노파크로,하행,160
테크노파크로,하행,226
테크노파크로,하행,129
테크노파크로,하행,553
테크노파크로,하행,540
테크노파크로,하행,584
테크노파크로,하행,379
테크노파크로,하행,510
테크노파크로,하행,302
테크노파크로,하행,139
테크노파크로,하행,515
테크노파크로,하행,476
테크노파크로,하행,526
테크노파크로,하행,548
테크노파크로,하행,545
테크노파크로,하행,272
테크노파크로,하행,151
테크노파크로,하행,497
테크노파크로,하행,542
테크노파크로,하행,564
테크노파크로,하행,606
테크노파크로,하행,605
테크노파크로,하행,336
테크노파크로,하행,124
테크노파크로,하행,550
테크노파크로,하행,592
테크노파크로,하행,610
테크노파크로,하행,604
테크노파크로,하행,607
테크노파크로,하행,313
테크노파크로,하행,199
인천타워대로,하행,171
인천타워대로,하행,222
인천타워대로,하행,130
인천타워대로,하행,513
인천타워대로,하행,530
인천타워대로,하행,581
인천타워대로,하행,353
인천타워대로,하행,505
인천타워대로,하행,301
인천타워대로,하행,178
인천타워대로,하행,498
인천타워대로,하행,513
인천타워대로,하행,522
인천타워대로,하행,532
인천타워대로,하행,534
인천타워대로,하행,299
인천타워대로,하행,131
인천타워대로,하행,472
인천타워대로,하행,514
인천타워대로,하행,539
인천타워대로,하행,576
인천타워대로,하행,557
인천타워대로,하행,341
인천타워대로,하행,134
인천타워대로,하행,540
인천타워대로,하행,571
인천타워대로,하행,580
인천타워대로,하행,589
인천타워대로,하행,595
인천타워대로,하행,325
인천타워대로,하행,193
인천타워대로,상행,122
인천타워대로,상행,162
인천타워대로,상행,113
인천타워대로,상행,889
인천타워대로,상행,906
인천타워대로,상행,966
인천타워대로,상행,721
인천타워대로,상행,864
인천타워대로,상행,240
인천타워대로,상행,111
인천타워대로,상행,881
인천타워대로,상행,824
인천타워대로,상행,887
인천타워대로,상행,959
인천타워대로,상행,845
인천타워대로,상행,244
인천타워대로,상행,106
인천타워대로,상행,822
인천타워대로,상행,864
인천타워대로,상행,927
인천타워대로,상행,942
인천타워대로,상행,897
인천타워대로,상행,261
인천타워대로,상행,133
인천타워대로,상행,951
인천타워대로,상행,864
인천타워대로,상행,962
인천타워대로,상행,889
인천타워대로,상행,925
인천타워대로,상행,244
인천타워대로,상행,156
첨단대로,상행,84
첨단대로,상행,52
첨단대로,상행,35
첨단대로,상행,186
첨단대로,상행,225
첨단대로,상행,237
첨단대로,상행,95
첨단대로,상행,169
첨단대로,상행,79
첨단대로,상행,50
첨단대로,상행,184
첨단대로,상행,206
첨단대로,상행,148
첨단대로,상행,210
첨단대로,상행,213
첨단대로,상행,118
첨단대로,상행,42
첨단대로,상행,152
첨단대로,상행,195
첨단대로,상행,208
첨단대로,상행,202
첨단대로,상행,197
첨단대로,상행,75
첨단대로,상행,53
첨단대로,상행,183
첨단대로,상행,160
첨단대로,상행,202
첨단대로,상행,192
첨단대로,상행,177
첨단대로,상행,112
첨단대로,상행,65
첨단대로,하행,94
첨단대로,하행,138
첨단대로,하행,61
첨단대로,하행,870
첨단대로,하행,843
첨단대로,하행,893
첨단대로,하행,663
첨단대로,하행,835
첨단대로,하행,214
첨단대로,하행,103
첨단대로,하행,849
첨단대로,하행,812
첨단대로,하행,859
첨단대로,하행,860
첨단대로,하행,768
첨단대로,하행,186
첨단대로,하행,85
첨단대로,하행,739
첨단대로,하행,809
첨단대로,하행,853
첨단대로,하행,869
첨단대로,하행,836
첨단대로,하행,212
첨단대로,하행,122
첨단대로,하행,844
첨단대로,하행,827
첨단대로,하행,858
첨단대로,하행,824
첨단대로,하행,917
첨단대로,하행,208
첨단대로,하행,149
송도과학로,하행,180
송도과학로,하행,235
송도과학로,하행,151
송도과학로,하행,1261
송도과학로,하행,1248
송도과학로,하행,1261
송도과학로,하행,836
송도과학로,하행,1122
송도과학로,하행,380
송도과학로,하행,182
송도과학로,하행,1153
송도과학로,하행,1102
송도과학로,하행,1126
송도과학로,하행,1197
송도과학로,하행,1118
송도과학로,하행,277
송도과학로,하행,132
송도과학로,하행,1022
송도과학로,하행,1168
송도과학로,하행,1212
송도과학로,하행,1155
송도과학로,하행,1141
송도과학로,하행,329
송도과학로,하행,144
송도과학로,하행,1302
송도과학로,하행,1183
송도과학로,하행,1346
송도과학로,하행,1234
송도과학로,하행,1217
송도과학로,하행,323
송도과학로,하행,199
송도과학로,상행,90
송도과학로,상행,70
송도과학로,상행,52
송도과학로,상행,460
송도과학로,상행,439
송도과학로,상행,459
송도과학로,상행,237
송도과학로,상행,372
송도과학로,상행,149
송도과학로,상행,68
송도과학로,상행,425
송도과학로,상행,433
송도과학로,상행,337
송도과학로,상행,422
송도과학로,상행,415
송도과학로,상행,111
송도과학로,상행,48
송도과학로,상행,364
송도과학로,상행,400
송도과학로,상행,418
송도과학로,상행,448
송도과학로,상행,410
송도과학로,상행,108
송도과학로,상행,52
송도과학로,상행,437
송도과학로,상행,402
송도과학로,상행,452
송도과학로,상행,459
송도과학로,상행,424
송도과학로,상행,109
송도과학로,상행,49
송도바이오대로,하행,257
송도바이오대로,하행,359
송도바이오대로,하행,230
송도바이오대로,하행,2207
송도바이오대로,하행,2196
송도바이오대로,하행,2278
송도바이오대로,하행,1286
송도바이오대로,하행,1845
송도바이오대로,하행,510
송도바이오대로,하행,254
송도바이오대로,하행,2117
송도바이오대로,하행,1908
송도바이오대로,하행,1798
송도바이오대로,하행,2140
송도바이오대로,하행,2069
송도바이오대로,하행,526
송도바이오대로,하행,227
송도바이오대로,하행,1757
송도바이오대로,하행,2196
송도바이오대로,하행,2171
송도바이오대로,하행,2246
송도바이오대로,하행,2133
송도바이오대로,하행,530
송도바이오대로,하행,248
송도바이오대로,하행,2195
송도바이오대로,하행,2136
송도바이오대로,하행,2275
송도바이오대로,하행,2227
송도바이오대로,하행,2067
송도바이오대로,하행,529
송도바이오대로,하행,285
송도문화로,상행,91
송도문화로,상행,85
송도문화로,상행,61
송도문화로,상행,362
송도문화로,상행,330
송도문화로,상행,346
송도문화로,상행,195
송도문화로,상행,300
송도문화로,상행,115
송도문화로,상행,73
송도문화로,상행,362
송도문화로,상행,310
송도문화로,상행,290
송도문화로,상행,320
송도문화로,상행,333
송도문화로,상행,125
송도문화로,상행,58
송도문화로,상행,263
송도문화로,상행,329
송도문화로,상행,360
송도문화로,상행,366
송도문화로,상행,387
송도문화로,상행,122
송도문화로,상행,64
송도문화로,상행,368
송도문화로,상행,377
송도문화로,상행,400
송도문화로,상행,368
송도문화로,상행,378
송도문화로,상행,118
송도문화로,상행,67
테크노파크로,상행,700
테크노파크로,상행,751
테크노파크로,상행,711
테크노파크로,상행,653
테크노파크로,상행,775
테크노파크로,상행,247
테크노파크로,상행,125
테크노파크로,상행,815
테크노파크로,상행,784
테크노파크로,상행,704
테크노파크로,상행,151
테크노파크로,상행,137
테크노파크로,상행,100
테크노파크로,상행,110
테크노파크로,상행,684
테크노파크로,상행,770
테크노파크로,상행,752
테크노파크로,상행,738
테크노파크로,상행,770
테크노파크로,상행,265
테크노파크로,상행,143
테크노파크로,상행,757
테크노파크로,상행,790
테크노파크로,상행,762
테크노파크로,상행,767
테크노파크로,상행,781
테크노파크로,상행,269
테크노파크로,상행,163
아트센터대로,상행,814
아트센터대로,상행,994
아트센터대로,상행,1406
아트센터대로,상행,1301
아트센터대로,상행,1344
아트센터대로,상행,872
아트센터대로,상행,404
아트센터대로,상행,1369
아트센터대로,상행,1383
아트센터대로,상행,1337
아트센터대로,상행,437
아트센터대로,상행,496
아트센터대로,상행,1013
아트센터대로,상행,1313
아트센터대로,상행,1243
아트센터대로,상행,1460
아트센터대로,상행,1465
아트센터대로,상행,1364
아트센터대로,상행,1374
아트센터대로,상행,902
아트센터대로,상행,1057
아트센터대로,상행,1111
아트센터대로,상행,1205
아트센터대로,상행,1412
아트센터대로,상행,1410
아트센터대로,상행,1446
아트센터대로,상행,1151
아트센터대로,상행,1126
아트센터대로,하행,1592
아트센터대로,하행,1546
아트센터대로,하행,1580
아트센터대로,하행,1383
아트센터대로,하행,1555
아트센터대로,하행,607
아트센터대로,하행,343
아트센터대로,하행,1565
아트센터대로,하행,1511
아트센터대로,하행,1596
아트센터대로,하행,406
아트센터대로,하행,203
아트센터대로,하행,260
아트센터대로,하행,233
아트센터대로,하행,1628
아트센터대로,하행,1681
아트센터대로,하행,1105
아트센터대로,하행,1615
아트센터대로,하행,1536
아트센터대로,하행,585
아트센터대로,하행,322
아트센터대로,하행,1647
아트센터대로,하행,1636
아트센터대로,하행,1720
아트센터대로,하행,1573
아트센터대로,하행,1661
아트센터대로,하행,616
아트센터대로,하행,307
컨벤시아대로,하행,1098
컨벤시아대로,하행,1220
컨벤시아대로,하행,1125
컨벤시아대로,하행,998
컨벤시아대로,하행,1022
컨벤시아대로,하행,396
컨벤시아대로,하행,231
컨벤시아대로,하행,1192
컨벤시아대로,하행,1257
컨벤시아대로,하행,1036
컨벤시아대로,하행,330
컨벤시아대로,하행,160
컨벤시아대로,하행,198
컨벤시아대로,하행,191
컨벤시아대로,하행,1024
컨벤시아대로,하행,1133
컨벤시아대로,하행,1201
컨벤시아대로,하행,1082
컨벤시아대로,하행,1191
컨벤시아대로,하행,395
컨벤시아대로,하행,286
컨벤시아대로,하행,1003
컨벤시아대로,하행,1310
컨벤시아대로,하행,1087
컨벤시아대로,하행,1076
컨벤시아대로,하행,1429
컨벤시아대로,하행,521
컨벤시아대로,하행,338
송도국제대로,상행,2278
송도국제대로,상행,2400
송도국제대로,상행,2297
송도국제대로,상행,2032
송도국제대로,상행,2358
송도국제대로,상행,1266
송도국제대로,상행,733
송도국제대로,상행,2315
송도국제대로,상행,2347
송도국제대로,상행,2238
송도국제대로,상행,793
송도국제대로,상행,786
송도국제대로,상행,484
송도국제대로,상행,583
송도국제대로,상행,2237
송도국제대로,상행,2349
송도국제대로,상행,2507
송도국제대로,상행,2366
송도국제대로,상행,2430
송도국제대로,상행,1285
송도국제대로,상행,745
송도국제대로,상행,2213
송도국제대로,상행,2366
송도국제대로,상행,2332
송도국제대로,상행,2313
송도국제대로,상행,2496
송도국제대로,상행,1384
송도국제대로,상행,801
송도국제대로,하행,2586
송도국제대로,하행,2633
송도국제대로,하행,2570
송도국제대로,하행,2255
송도국제대로,하행,2584
송도국제대로,하행,797
송도국제대로,하행,484
송도국제대로,하행,2647
송도국제대로,하행,2594
송도국제대로,하행,2473
송도국제대로,하행,538
송도국제대로,하행,351
송도국제대로,하행,334
송도국제대로,하행,435
송도국제대로,하행,2424
송도국제대로,하행,2589
송도국제대로,하행,2666
송도국제대로,하행,2579
송도국제대로,하행,2625
송도국제대로,하행,909
송도국제대로,하행,576
송도국제대로,하행,2648
송도국제대로,하행,2685
송도국제대로,하행,2704
송도국제대로,하행,2629
송도국제대로,하행,2624
송도국제대로,하행,892
송도국제대로,하행,538
컨벤시아대로,상행,287
컨벤시아대로,상행,281
컨벤시아대로,상행,330
컨벤시아대로,상행,293
컨벤시아대로,상행,315
컨벤시아대로,상행,261
컨벤시아대로,상행,75
컨벤시아대로,상행,293
컨벤시아대로,상행,323
컨벤시아대로,상행,332
컨벤시아대로,상행,144
컨벤시아대로,상행,133
컨벤시아대로,상행,98
컨벤시아대로,상행,103
컨벤시아대로,상행,326
컨벤시아대로,상행,275
컨벤시아대로,상행,323
컨벤시아대로,상행,311
컨벤시아대로,상행,321
컨벤시아대로,상행,259
컨벤시아대로,상행,119
컨벤시아대로,상행,287
컨벤시아대로,상행,313
컨벤시아대로,상행,309
컨벤시아대로,상행,296
컨벤시아대로,상행,308
컨벤시아대로,상행,272
컨벤시아대로,상행,142
테크노파크로,하행,572
테크노파크로,하행,562
테크노파크로,하행,574
테크노파크로,하행,482
테크노파크로,하행,597
테크노파크로,하행,329
테크노파크로,하행,169
테크노파크로,하행,595
테크노파크로,하행,611
테크노파크로,하행,609
테크노파크로,하행,233
테크노파크로,하행,102
테크노파크로,하행,108
테크노파크로,하행,149
테크노파크로,하행,590
테크노파크로,하행,597
테크노파크로,하행,612
테크노파크로,하행,569
테크노파크로,하행,609
테크노파크로,하행,368
테크노파크로,하행,185
테크노파크로,하행,575
테크노파크로,하행,625
테크노파크로,하행,580
테크노파크로,하행,541
테크노파크로,하행,563
테크노파크로,하행,349
테크노파크로,하행,170
인천타워대로,하행,526
인천타워대로,하행,515
인천타워대로,하행,511
인천타워대로,하행,464
인천타워대로,하행,666
인천타워대로,하행,368
인천타워대로,하행,129
인천타워대로,하행,584
인천타워대로,하행,615
인천타워대로,하행,593
인천타워대로,하행,235
인천타워대로,하행,122
인천타워대로,하행,123
인천타워대로,하행,174
인천타워대로,하행,593
인천타워대로,하행,608
인천타워대로,하행,625
인천타워대로,하행,544
인천타워대로,하행,612
인천타워대로,하행,330
인천타워대로,하행,211
인천타워대로,하행,570
인천타워대로,하행,574
인천타워대로,하행,638
인천타워대로,하행,615
인천타워대로,하행,663
인천타워대로,하행,325
인천타워대로,하행,178
인천타워대로,상행,891
인천타워대로,상행,821
인천타워대로,상행,849
인천타워대로,상행,810
인천타워대로,상행,901
인천타워대로,상행,286
인천타워대로,상행,154
인천타워대로,상행,878
인천타워대로,상행,910
인천타워대로,상행,841
인천타워대로,상행,146
인천타워대로,상행,109
인천타워대로,상행,92
인천타워대로,상행,130
인천타워대로,상행,879
인천타워대로,상행,1010
인천타워대로,상행,1000
인천타워대로,상행,888
인천타워대로,상행,890
인천타워대로,상행,269
인천타워대로,상행,169
인천타워대로,상행,875
인천타워대로,상행,962
인천타워대로,상행,967
인천타워대로,상행,973
인천타워대로,상행,968
인천타워대로,상행,269
인천타워대로,상행,203
첨단대로,상행,164
첨단대로,상행,199
첨단대로,상행,191
첨단대로,상행,150
첨단대로,상행,211
첨단대로,상행,99
첨단대로,상행,68
첨단대로,상행,195
첨단대로,상행,200
첨단대로,상행,158
첨단대로,상행,46
첨단대로,상행,43
첨단대로,상행,41
첨단대로,상행,42
첨단대로,상행,171
첨단대로,상행,211
첨단대로,상행,188
첨단대로,상행,232
첨단대로,상행,193
첨단대로,상행,87
첨단대로,상행,44
첨단대로,상행,200
첨단대로,상행,194
첨단대로,상행,222
첨단대로,상행,223
첨단대로,상행,182
첨단대로,상행,79
첨단대로,상행,68
첨단대로,하행,823
첨단대로,하행,930
첨단대로,하행,846
첨단대로,하행,770
첨단대로,하행,873
첨단대로,하행,216
첨단대로,하행,135
첨단대로,하행,942
첨단대로,하행,977
첨단대로,하행,803
첨단대로,하행,139
첨단대로,하행,129
첨단대로,하행,91
첨단대로,하행,114
첨단대로,하행,764
첨단대로,하행,922
첨단대로,하행,956
첨단대로,하행,957
첨단대로,하행,913
첨단대로,하행,225
첨단대로,하행,143
첨단대로,하행,885
첨단대로,하행,902
첨단대로,하행,901
첨단대로,하행,897
첨단대로,하행,915
첨단대로,하행,230
첨단대로,하행,158
송도과학로,하행,1115
송도과학로,하행,1120
송도과학로,하행,1184
송도과학로,하행,1087
송도과학로,하행,1270
송도과학로,하행,354
송도과학로,하행,162
송도과학로,하행,1292
송도과학로,하행,1332
송도과학로,하행,1221
송도과학로,하행,210
송도과학로,하행,131
송도과학로,하행,139
송도과학로,하행,165
송도과학로,하행,1241
송도과학로,하행,1277
송도과학로,하행,1247
송도과학로,하행,1221
송도과학로,하행,1222
송도과학로,하행,348
송도과학로,하행,212
송도과학로,하행,1336
송도과학로,하행,1308
송도과학로,하행,1285
송도과학로,하행,1290
송도과학로,하행,1174
송도과학로,하행,366
송도과학로,하행,198
송도과학로,상행,459
송도과학로,상행,404
송도과학로,상행,383
송도과학로,상행,329
송도과학로,상행,372
송도과학로,상행,122
송도과학로,상행,53
송도과학로,상행,401
송도과학로,상행,430
송도과학로,상행,406
송도과학로,상행,76
송도과학로,상행,47
송도과학로,상행,43
송도과학로,상행,47
송도과학로,상행,437
송도과학로,상행,450
송도과학로,상행,429
송도과학로,상행,461
송도과학로,상행,440
송도과학로,상행,151
송도과학로,상행,80
송도과학로,상행,488
송도과학로,상행,451
송도과학로,상행,435
송도과학로,상행,435
송도과학로,상행,444
송도과학로,상행,151
송도과학로,상행,59
송도바이오대로,하행,2124
송도바이오대로,하행,2145
송도바이오대로,하행,2052
송도바이오대로,하행,1752
송도바이오대로,하행,2012
송도바이오대로,하행,552
송도바이오대로,하행,272
송도바이오대로,하행,2108
송도바이오대로,하행,2199
송도바이오대로,하행,2028
송도바이오대로,하행,312
송도바이오대로,하행,202
송도바이오대로,하행,162
송도바이오대로,하행,220
송도바이오대로,하행,2100
송도바이오대로,하행,2219
송도바이오대로,하행,2231
송도바이오대로,하행,2079
송도바이오대로,하행,2161
송도바이오대로,하행,657
송도바이오대로,하행,349
송도바이오대로,하행,2277
송도바이오대로,하행,2251
송도바이오대로,하행,2224
송도바이오대로,하행,2184
송도바이오대로,하행,2163
송도바이오대로,하행,625
송도바이오대로,하행,348
송도문화로,상행,391
송도문화로,상행,380
송도문화로,상행,384
송도문화로,상행,303
송도문화로,상행,362
송도문화로,상행,118
송도문화로,상행,72
송도문화로,상행,423
송도문화로,상행,412
송도문화로,상행,401
송도문화로,상행,91
송도문화로,상행,71
송도문화로,상행,41
송도문화로,상행,42
송도문화로,상행,406
송도문화로,상행,420
송도문화로,상행,400
송도문화로,상행,368
송도문화로,상행,354
송도문화로,상행,153
송도문화로,상행,70
송도문화로,상행,375
송도문화로,상행,386
송도문화로,상행,336
송도문화로,상행,349
송도문화로,상행,339
송도문화로,상행,146
송도문화로,상행,62
테크노파크로,상행,141
테크노파크로,상행,918
테크노파크로,상행,560
테크노파크로,상행,960
테크노파크로,상행,959
테크노파크로,상행,280
테크노파크로,상행,145
테크노파크로,상행,1000
테크노파크로,상행,946
테크노파크로,상행,1003
테크노파크로,상행,952
테크노파크로,상행,941
테크노파크로,상행,270
테크노파크로,상행,137
테크노파크로,상행,971
테크노파크로,상행,977
테크노파크로,상행,1005
테크노파크로,상행,950
테크노파크로,상행,930
테크노파크로,상행,247
테크노파크로,상행,151
테크노파크로,상행,1004
테크노파크로,상행,952
테크노파크로,상행,917
테크노파크로,상행,912
테크노파크로,상행,845
테크노파크로,상행,266
테크노파크로,상행,143
테크노파크로,상행,907
테크노파크로,상행,897
테크노파크로,상행,892
아트센터대로,상행,356
아트센터대로,상행,565
아트센터대로,상행,1360
아트센터대로,상행,1416
아트센터대로,상행,368
아트센터대로,상행,911
아트센터대로,상행,463
아트센터대로,상행,740
아트센터대로,상행,748
아트센터대로,상행,691
아트센터대로,상행,1531
아트센터대로,상행,770
아트센터대로,상행,781
아트센터대로,상행,823
아트센터대로,상행,1039
아트센터대로,상행,1201
아트센터대로,상행,834
아트센터대로,상행,901
아트센터대로,상행,861
아트센터대로,상행,775
아트센터대로,상행,597
아트센터대로,상행,608
아트센터대로,상행,606
아트센터대로,상행,1047
아트센터대로,상행,504
아트센터대로,상행,819
아트센터대로,상행,706
아트센터대로,상행,740
아트센터대로,상행,930
아트센터대로,상행,1400
아트센터대로,상행,1419
아트센터대로,하행,340
아트센터대로,하행,1730
아트센터대로,하행,1665
아트센터대로,하행,1772
아트센터대로,하행,1750
아트센터대로,하행,616
아트센터대로,하행,336
아트센터대로,하행,1802
아트센터대로,하행,1823
아트센터대로,하행,1790
아트센터대로,하행,1764
아트센터대로,하행,1800
아트센터대로,하행,635
아트센터대로,하행,296
아트센터대로,하행,1720
아트센터대로,하행,1834
아트센터대로,하행,1804
아트센터대로,하행,1755
아트센터대로,하행,1764
아트센터대로,하행,621
아트센터대로,하행,324
아트센터대로,하행,1759
아트센터대로,하행,1795
아트센터대로,하행,1846
아트센터대로,하행,1810
아트센터대로,하행,1825
아트센터대로,하행,663
아트센터대로,하행,309
아트센터대로,하행,1878
아트센터대로,하행,1775
아트센터대로,하행,1805
컨벤시아대로,하행,312
컨벤시아대로,하행,1534
컨벤시아대로,하행,970
컨벤시아대로,하행,1175
컨벤시아대로,하행,1382
컨벤시아대로,하행,418
컨벤시아대로,하행,274
컨벤시아대로,하행,1271
컨벤시아대로,하행,1234
컨벤시아대로,하행,1222
컨벤시아대로,하행,1222
컨벤시아대로,하행,1122
컨벤시아대로,하행,377
컨벤시아대로,하행,1016
컨벤시아대로,하행,973
컨벤시아대로,하행,1498
컨벤시아대로,하행,1497
컨벤시아대로,하행,1355
컨벤시아대로,하행,1222
컨벤시아대로,하행,386
컨벤시아대로,하행,243
컨벤시아대로,하행,1538
컨벤시아대로,하행,1289
컨벤시아대로,하행,1271
컨벤시아대로,하행,1091
컨벤시아대로,하행,1256
컨벤시아대로,하행,445
컨벤시아대로,하행,196
컨벤시아대로,하행,1248
컨벤시아대로,하행,1376
컨벤시아대로,하행,1315
송도국제대로,상행,705
송도국제대로,상행,2666
송도국제대로,상행,2573
송도국제대로,상행,2597
송도국제대로,상행,2609
송도국제대로,상행,1312
송도국제대로,상행,705
송도국제대로,상행,2484
송도국제대로,상행,2624
송도국제대로,상행,2622
송도국제대로,상행,2544
송도국제대로,상행,2446
송도국제대로,상행,1353
송도국제대로,상행,805
송도국제대로,상행,2460
송도국제대로,상행,2632
송도국제대로,상행,2649
송도국제대로,상행,2595
송도국제대로,상행,2464
송도국제대로,상행,1340
송도국제대로,상행,774
송도국제대로,상행,2644
송도국제대로,상행,2620
송도국제대로,상행,2539
송도국제대로,상행,2563
송도국제대로,상행,2582
송도국제대로,상행,1321
송도국제대로,상행,757
송도국제대로,상행,2484
송도국제대로,상행,2634
송도국제대로,상행,2496
송도국제대로,하행,598
송도국제대로,하행,2748
송도국제대로,하행,2669
송도국제대로,하행,2771
송도국제대로,하행,2724
송도국제대로,하행,890
송도국제대로,하행,558
송도국제대로,하행,2741
송도국제대로,하행,2716
송도국제대로,하행,2694
송도국제대로,하행,2657
송도국제대로,하행,2631
송도국제대로,하행,940
송도국제대로,하행,575
송도국제대로,하행,2702
송도국제대로,하행,2726
송도국제대로,하행,2737
송도국제대로,하행,2764
송도국제대로,하행,2677
송도국제대로,하행,952
송도국제대로,하행,623
송도국제대로,하행,2765
송도국제대로,하행,2746
송도국제대로,하행,2783
송도국제대로,하행,2774
송도국제대로,하행,2720
송도국제대로,하행,920
송도국제대로,하행,572
송도국제대로,하행,2719
송도국제대로,하행,2701
송도국제대로,하행,2728
컨벤시아대로,상행,118
컨벤시아대로,상행,323
컨벤시아대로,상행,323
컨벤시아대로,상행,301
컨벤시아대로,상행,320
컨벤시아대로,상행,233
컨벤시아대로,상행,120
컨벤시아대로,상행,343
컨벤시아대로,상행,341
컨벤시아대로,상행,326
컨벤시아대로,상행,298
컨벤시아대로,상행,310
컨벤시아대로,상행,240
컨벤시아대로,상행,128
컨벤시아대로,상행,336
컨벤시아대로,상행,339
컨벤시아대로,상행,319
컨벤시아대로,상행,306
컨벤시아대로,상행,307
컨벤시아대로,상행,261
컨벤시아대로,상행,145
컨벤시아대로,상행,346
컨벤시아대로,상행,303
컨벤시아대로,상행,273
컨벤시아대로,상행,315
컨벤시아대로,상행,290
컨벤시아대로,상행,245
컨벤시아대로,상행,120
컨벤시아대로,상행,312
컨벤시아대로,상행,313
컨벤시아대로,상행,296
테크노파크로,하행,202
테크노파크로,하행,618
테크노파크로,하행,625
테크노파크로,하행,614
테크노파크로,하행,655
테크노파크로,하행,340
테크노파크로,하행,194
테크노파크로,하행,604
테크노파크로,하행,667
테크노파크로,하행,673
테크노파크로,하행,636
테크노파크로,하행,668
테크노파크로,하행,367
테크노파크로,하행,208
테크노파크로,하행,637
테크노파크로,하행,626
테크노파크로,하행,670
테크노파크로,하행,638
테크노파크로,하행,682
테크노파크로,하행,352
테크노파크로,하행,205
테크노파크로,하행,644
테크노파크로,하행,684
테크노파크로,하행,657
테크노파크로,하행,673
테크노파크로,하행,658
테크노파크로,하행,365
테크노파크로,하행,200
테크노파크로,하행,614
테크노파크로,하행,617
테크노파크로,하행,636
인천타워대로,하행,218
인천타워대로,하행,661
인천타워대로,하행,572
인천타워대로,하행,694
인천타워대로,하행,736
인천타워대로,하행,392
인천타워대로,하행,212
인천타워대로,하행,673
인천타워대로,하행,719
인천타워대로,하행,729
인천타워대로,하행,743
인천타워대로,하행,698
인천타워대로,하행,385
인천타워대로,하행,189
인천타워대로,하행,720
인천타워대로,하행,760
인천타워대로,하행,690
인천타워대로,하행,737
인천타워대로,하행,783
인천타워대로,하행,418
인천타워대로,하행,243
인천타워대로,하행,696
인천타워대로,하행,722
인천타워대로,하행,721
인천타워대로,하행,703
인천타워대로,하행,752
인천타워대로,하행,350
인천타워대로,하행,229
인천타워대로,하행,688
인천타워대로,하행,710
인천타워대로,하행,683
인천타워대로,상행,166
인천타워대로,상행,1063
인천타워대로,상행,947
인천타워대로,상행,967
인천타워대로,상행,1075
인천타워대로,상행,289
인천타워대로,상행,193
인천타워대로,상행,1092
인천타워대로,상행,1111
인천타워대로,상행,1050
인천타워대로,상행,1062
인천타워대로,상행,1050
인천타워대로,상행,294
인천타워대로,상행,158
인천타워대로,상행,1095
인천타워대로,상행,1099
인천타워대로,상행,1076
인천타워대로,상행,1083
인천타워대로,상행,988
인천타워대로,상행,293
인천타워대로,상행,173
인천타워대로,상행,1128
인천타워대로,상행,1121
인천타워대로,상행,1039
인천타워대로,상행,1050
인천타워대로,상행,1016
인천타워대로,상행,293
인천타워대로,상행,187
인천타워대로,상행,1047
인천타워대로,상행,1091
인천타워대로,상행,1072
첨단대로,상행,52
첨단대로,상행,184
첨단대로,상행,197
첨단대로,상행,201
첨단대로,상행,185
첨단대로,상행,104
첨단대로,상행,64
첨단대로,상행,104
첨단대로,상행,198
첨단대로,상행,208
첨단대로,상행,250
첨단대로,상행,234
첨단대로,상행,130
첨단대로,상행,69
첨단대로,상행,212
첨단대로,상행,239
첨단대로,상행,221
첨단대로,상행,250
첨단대로,상행,227
첨단대로,상행,97
첨단대로,상행,45
첨단대로,상행,249
첨단대로,상행,215
첨단대로,상행,232
첨단대로,상행,203
첨단대로,상행,235
첨단대로,상행,98
첨단대로,상행,47
첨단대로,상행,188
첨단대로,상행,223
첨단대로,상행,232
첨단대로,하행,150
첨단대로,하행,1006
첨단대로,하행,972
첨단대로,하행,945
첨단대로,하행,986
첨단대로,하행,233
첨단대로,하행,166
첨단대로,하행,1003
첨단대로,하행,999
첨단대로,하행,961
첨단대로,하행,1004
첨단대로,하행,1000
첨단대로,하행,224
첨단대로,하행,132
첨단대로,하행,977
첨단대로,하행,1011
첨단대로,하행,981
첨단대로,하행,1019
첨단대로,하행,963
첨단대로,하행,247
첨단대로,하행,165
첨단대로,하행,1028
첨단대로,하행,1043
첨단대로,하행,1031
첨단대로,하행,1038
첨단대로,하행,980
첨단대로,하행,247
첨단대로,하행,151
첨단대로,하행,967
첨단대로,하행,1040
첨단대로,하행,991
송도과학로,하행,264
송도과학로,하행,1488
송도과학로,하행,1358
송도과학로,하행,1411
송도과학로,하행,1451
송도과학로,하행,369
송도과학로,하행,187
송도과학로,하행,1472
송도과학로,하행,1377
송도과학로,하행,1380
송도과학로,하행,1416
송도과학로,하행,1391
송도과학로,하행,363
송도과학로,하행,217
송도과학로,하행,1439
송도과학로,하행,1453
송도과학로,하행,1396
송도과학로,하행,1354
송도과학로,하행,1279
송도과학로,하행,404
송도과학로,하행,202
송도과학로,하행,1570
송도과학로,하행,1373
송도과학로,하행,1383
송도과학로,하행,1392
송도과학로,하행,1386
송도과학로,하행,353
송도과학로,하행,191
송도과학로,하행,1414
송도과학로,하행,1387
송도과학로,하행,1371
송도과학로,상행,85
송도과학로,상행,509
송도과학로,상행,485
송도과학로,상행,454
송도과학로,상행,453
송도과학로,상행,105
송도과학로,상행,69
송도과학로,상행,345
송도과학로,상행,462
송도과학로,상행,454
송도과학로,상행,452
송도과학로,상행,449
송도과학로,상행,127
송도과학로,상행,76
송도과학로,상행,519
송도과학로,상행,493
송도과학로,상행,477
송도과학로,상행,484
송도과학로,상행,482
송도과학로,상행,126
송도과학로,상행,65
송도과학로,상행,511
송도과학로,상행,464
송도과학로,상행,500
송도과학로,상행,465
송도과학로,상행,476
송도과학로,상행,128
송도과학로,상행,64
송도과학로,상행,554
송도과학로,상행,518
송도과학로,상행,474
송도바이오대로,하행,328
송도바이오대로,하행,2270
송도바이오대로,하행,2217
송도바이오대로,하행,2236
송도바이오대로,하행,2247
송도바이오대로,하행,579
송도바이오대로,하행,391
송도바이오대로,하행,1914
송도바이오대로,하행,2336
송도바이오대로,하행,2330
송도바이오대로,하행,2380
송도바이오대로,하행,2264
송도바이오대로,하행,657
송도바이오대로,하행,365
송도바이오대로,하행,2423
송도바이오대로,하행,2405
송도바이오대로,하행,2362
송도바이오대로,하행,2352
송도바이오대로,하행,2245
송도바이오대로,하행,615
송도바이오대로,하행,360
송도바이오대로,하행,2463
송도바이오대로,하행,2322
송도바이오대로,하행,2364
송도바이오대로,하행,2410
송도바이오대로,하행,2353
송도바이오대로,하행,616
송도바이오대로,하행,327
송도바이오대로,하행,2354
송도바이오대로,하행,2325
송도바이오대로,하행,2413
송도문화로,상행,85
송도문화로,상행,397
송도문화로,상행,435
송도문화로,상행,406
송도문화로,상행,423
송도문화로,상행,143
송도문화로,상행,80
송도문화로,상행,311
송도문화로,상행,399
송도문화로,상행,424
송도문화로,상행,389
송도문화로,상행,435
송도문화로,상행,145
송도문화로,상행,81
송도문화로,상행,432
송도문화로,상행,409
송도문화로,상행,421
송도문화로,상행,402
송도문화로,상행,398
송도문화로,상행,149
송도문화로,상행,72
송도문화로,상행,436
송도문화로,상행,427
송도문화로,상행,417
송도문화로,상행,424
송도문화로,상행,385
송도문화로,상행,143
송도문화로,상행,72
송도문화로,상행,381
송도문화로,상행,358
송도문화로,상행,369
